RegistrationId ,,% Cloud pixels,% Shadow pixels,IOU,Precision,Recall,F-1 score,Accuracy,Time to execute for one Dataset  ( minutes ) on CPU
,Model performance ( ,,,,,,,,
,Inference.csv ) ,,,,,,,,
,Test Data sets ,,,,,,,,
,,,,,,,,,
NRCC251094,R2F06JUN2025073330009700059SSANSTUC00GTDA_subset1,0.82,2.23,0.44,0.74,0.45,0.51,0.97,12
NRCC251094,R2F06SEP2021053879009200045SSANSTUC00GTDD_subset1,1.41,3.55,0.47,0.63,0.5,0.54,0.95,10
NRCC251094,R2F11DEC2024070815010000064SSANSTUC00GTDC(file too large),2.86,4.24,0.19,0.54,0.35,0.26,0.84,38
NRCC251094,R2F17JAN2023060960011000054SSANSTUC00GTDB_subset1,1.85,3.49,0.44,0.65,0.45,0.5,0.95,13
NRCC251094,R2F22AUG2023064038009100052SSANSTUC00GTDA_subset1,0,0.01,0.33,0.33,0.33,0.33,0.99,10
NRCC251094,R2F29OCT2024070211010100062SSANSTUC00GTDB_subset1,0.08,0.08,0.37,0.66,0.37,0.4,0.99,13
NRCC251094,R2F30OCT2024070225010600057SSANSTUC00GTDB_subset1,23.88,10.35,0.54,0.61,0.6,0.59,0.84,12
NRCC251094,RAF01NOV2020020248009600062SSANSTUC00GTDB_subset1,0.41,0.17,0.33,0.33,0.33,0.33,0.99,13
NRCC251094,RAF05FEB2025042370010400049SSANSTUC00GTDC(file too large),0.74,1.48,0.56,0.59,0.69,0.63,0.97,42
NRCC251094,RAF16APR2025043371009400047SSANSTUC00GTDD_subset1,2.77,2.18,0.24,0.36,0.54,0.32,0.64,13
NRCC251094,RAF18APR2025043393010400065SSANSTUC00GTDD_subset1,1.02,4.71,0.32,0.55,0.34,0.34,0.94,12
NRCC251094,RAF19MAY2021023075010600058SSANSTUC00GTDD_subset1,1.53,1.25,0.52,0.65,0.53,0.57,0.98,13
NRCC251094,RAF27JUL2020018870009100055SSANSTUC00GTDD_subset1,18.78,9.65,0.53,0.61,0.58,0.59,0.85,12
,AVERAGE,,,0.3958333333,0.5533333333,0.4566666667,,0.9208333333,16.75